title,total
Breakfast,5
Breakfast,7
愛情と矛先,5
愛情と矛先,6
アウフヘーベン,2
アウフヘーベン,3
藍,1
藍,2
青と夏,7
青と夏,3
Attitude,3
Attitude,5
ア・プリオリ,4
ア・プリオリ,2
アボイドノート,3
アボイドノート,5
アポロドロス,1
アポロドロス,2
アンゼンパイ,3
アンゼンパイ,1
ANTENNA,4
ANTENNA,3
umbrella,5
umbrella,4
アンラブレス,1
アンラブレス,2
In the morning,1
In the morning,1
インフェルノ,4
インフェルノ,3
Wanted Wanted,3
Wanted Wanted,2
WaLL FloWeR,4
WaLL FloWeR,3
嘘じゃないよ,2
嘘じゃないよ,6
うブ,3
うブ,2
えほん,3
えほん,2
L.P.,3
L.P.,6
延々,2
延々,3
Oz,2
Oz,4
おもちゃの兵隊,1
おもちゃの兵隊,3
On my MiND,6
On my MiND,12
我逢人,3
我逢人,5
キコリ時計,4
キコリ時計,1
君を知らない,7
君を知らない,9
Ke-Mo Sal-Bee,0
Ke-Mo Sal-Bee,2
鯨の唄,1
鯨の唄,5
クスシキ,3
クスシキ,7
クダリ,2
クダリ,4
ケセラセラ,4
ケセラセラ,4
恋と吟,13
恋と吟,6
CONFLICT,3
CONFLICT,3
Coffee,10
Coffee,13
サママ・フェスティバル,4
サママ・フェスティバル,1
Circle,2
Circle,1
The White Launge,1
The White Launge,0
Theater,1
Theater,3
春愁,1
春愁,2
庶幾の唄,1
庶幾の唄,5
Simple,5
Simple,2
Just a Friend,7
Just a Friend,12
JOURNEY,5
JOURNEY,1
Switch,3
Switch,4
スターダム,1
スターダム,5
Start,2
Start,5
Speaking,2
Speaking,7
SPLASH,2
SPLASH,6
スマイロブドリーマー,1
スマイロブドリーマー,1
Soup,4
Soup,5
They are,10
They are,14
絶世生物,0
絶世生物,0
ゼンマイ,4
ゼンマイ,4
soFt-dRink,0
soFt-dRink,0
Soranji,3
Soranji,4
橙,7
橙,4
ダンスホール,7
ダンスホール,4
ダーリン,6
ダーリン,13
CHEERS,2
CHEERS,2
月とアネモネ,1
月とアネモネ,3
ツキマシテハ,3
ツキマシテハ,1
天国,7
天国,2
点描の唄,10
点描の唄,3
Dear,7
Dear,3
灯火,7
灯火,10
Doodle,4
Doodle,3
道徳と皿,0
道徳と皿,1
どこかで日が昇る,0
どこかで日が昇る,0
ナニヲナニヲ,4
ナニヲナニヲ,5
ナハトムジーク,0
ナハトムジーク,3
No.7,2
No.7,7
ニューマイ・ノーマル,14
ニューマイ・ノーマル,10
ナニサクウタ,5
ナニサクウタ,3
norn,6
norn,4
How-to,6
How-to,2
Hug,7
Hug,5
はじまり,4
はじまり,5
Hello,7
Hello,5
Viking,4
Viking,3
パブリック,1
パブリック,1
PARTY,5
PARTY,1
Part of me,5
Part of me,6
光のうた,2
光のうた,3
日々と君,10
日々と君,14
ビターバカンス,7
ビターバカンス,4
VIP,3
VIP,4
BFF,9
BFF,8
FACTORY,1
FACTORY,1
familie,4
familie,7
feeling,1
feeling,1
Folktale,6
Folktale,0
フロリジナル,9
フロリジナル,3
WHOO WHOO WHOO,4
WHOO WHOO WHOO,0
Blizzard,7
Blizzard,2
ブルーアンビエンス,8
ブルーアンビエンス,4
PRESENT（English）,16
PRESENT（English）,9
PRESENT（日本語）,5
PRESENT（日本語）,3
Propose,11
Propose,7
僕のこと,11
僕のこと,7
Magic,3
Magic,4
ミスカサズ,4
ミスカサズ,1
Lion,3
Lion,5
ライラック,8
ライラック,3
lovin',4
lovin',2
"Love me, Love you",1
"Love me, Love you",5
リスキーゲーム,0
リスキーゲーム,0
REVERSE,0
REVERSE,2
流星,6
流星,3
Log,5
Log,4
ロマンチシズム,6
ロマンチシズム,11
Loneliness,2
Loneliness,4
私,8
私,8
私は最強,11
私は最強,8
絵画,5
絵画,7
Kotaeawase,2
Kotaeawase,0
メイプル,2
メイプル,5
ヒカルモノフラクナル,2
ヒカルモノフラクナル,1
French,4
French,3
メメント・モリ,3
メメント・モリ,2
わたしの音,4
わたしの音,7
オドレテル,6
オドレテル,6
Cuz I,2
Cuz I,2
Scenario,2
Scenario,0
2,3
2,4
πανσπερμία,0
πανσπερμία,0
来世でも,1
来世でも,6
Walhalla,2
Walhalla,0